{
    "mlp": {
        "accuracy": 0.9372197309417041,
        "precision": 0.9405871742135609,
        "recall": 0.9372197309417041,
        "f1": 0.9372541255975521,
        "precision_per_class": [
            1.0,
            0.8809523809523809,
            0.9285714285714286,
            0.9107142857142857,
            0.9736842105263158
        ],
        "recall_per_class": [
            0.8823529411764706,
            0.9487179487179487,
            0.9285714285714286,
            1.0,
            0.925
        ],
        "f1_per_class": [
            0.9375,
            0.9135802469135802,
            0.9285714285714286,
            0.9532710280373832,
            0.9487179487179487
        ]
    },
    "rnn": {
        "accuracy": 0.7937219730941704,
        "precision": 0.8083944740228236,
        "recall": 0.7937219730941704,
        "f1": 0.7842383286258775,
        "precision_per_class": [
            0.7777777777777778,
            0.8780487804878049,
            0.6307692307692307,
            0.96,
            0.7727272727272727
        ],
        "recall_per_class": [
            0.6862745098039216,
            0.9230769230769231,
            0.9761904761904762,
            0.9411764705882353,
            0.425
        ],
        "f1_per_class": [
            0.7291666666666666,
            0.9,
            0.7663551401869159,
            0.9504950495049505,
            0.5483870967741935
        ]
    },
    "lstm": {
        "accuracy": 0.9237668161434978,
        "precision": 0.9293792232112318,
        "recall": 0.9237668161434978,
        "f1": 0.9243548338391387,
        "precision_per_class": [
            0.8135593220338984,
            0.9512195121951219,
            0.9487179487179487,
            0.9795918367346939,
            0.9714285714285714
        ],
        "recall_per_class": [
            0.9411764705882353,
            1.0,
            0.8809523809523809,
            0.9411764705882353,
            0.85
        ],
        "f1_per_class": [
            0.8727272727272727,
            0.975,
            0.9135802469135802,
            0.96,
            0.9066666666666666
        ]
    },
    "gru": {
        "accuracy": 0.968609865470852,
        "precision": 0.9693841090428326,
        "recall": 0.968609865470852,
        "f1": 0.9685132632145711,
        "precision_per_class": [
            0.9791666666666666,
            0.9285714285714286,
            0.9534883720930233,
            1.0,
            0.9743589743589743
        ],
        "recall_per_class": [
            0.9215686274509803,
            1.0,
            0.9761904761904762,
            1.0,
            0.95
        ],
        "f1_per_class": [
            0.9494949494949495,
            0.9629629629629629,
            0.9647058823529412,
            1.0,
            0.9620253164556962
        ]
    },
    "cnn": {
        "accuracy": 0.9641255605381166,
        "precision": 0.9650176985343831,
        "recall": 0.9641255605381166,
        "f1": 0.9639574813482942,
        "precision_per_class": [
            0.9787234042553191,
            0.9285714285714286,
            0.9302325581395349,
            1.0,
            0.975
        ],
        "recall_per_class": [
            0.9019607843137255,
            1.0,
            0.9523809523809523,
            1.0,
            0.975
        ],
        "f1_per_class": [
            0.9387755102040817,
            0.9629629629629629,
            0.9411764705882353,
            1.0,
            0.975
        ]
    },
    "transformer": {
        "accuracy": 0.9461883408071748,
        "precision": 0.9478871329441022,
        "recall": 0.9461883408071748,
        "f1": 0.946260297606225,
        "precision_per_class": [
            0.9387755102040817,
            0.9069767441860465,
            0.9090909090909091,
            1.0,
            0.9736842105263158
        ],
        "recall_per_class": [
            0.9019607843137255,
            1.0,
            0.9523809523809523,
            0.9607843137254902,
            0.925
        ],
        "f1_per_class": [
            0.92,
            0.9512195121951219,
            0.9302325581395349,
            0.98,
            0.9487179487179487
        ]
    }
}