{
    "RNN": {
        "accuracy": 0.23318385650224216,
        "precision": 0.18630671029774168,
        "recall": 0.23318385650224216,
        "f1": 0.130611142280972,
        "precision_per_class": [
            0.19444444444444445,
            0.5,
            0.0,
            0.23783783783783785,
            0.0
        ],
        "recall_per_class": [
            0.13725490196078433,
            0.02564102564102564,
            0.0,
            0.8627450980392157,
            0.0
        ],
        "f1_per_class": [
            0.16091954022988506,
            0.04878048780487805,
            0.0,
            0.3728813559322034,
            0.0
        ]
    },
    "LSTM": {
        "accuracy": 0.9192825112107623,
        "precision": 0.9345400853111671,
        "recall": 0.9192825112107623,
        "f1": 0.9219124146220422,
        "precision_per_class": [
            1.0,
            0.7307692307692307,
            0.9024390243902439,
            1.0,
            1.0
        ],
        "recall_per_class": [
            0.8823529411764706,
            0.9743589743589743,
            0.8809523809523809,
            1.0,
            0.85
        ],
        "f1_per_class": [
            0.9375,
            0.8351648351648352,
            0.891566265060241,
            1.0,
            0.918918918918919
        ]
    },
    "GRU": {
        "accuracy": 0.9417040358744395,
        "precision": 0.9443549900928147,
        "recall": 0.9417040358744395,
        "f1": 0.9425107992588605,
        "precision_per_class": [
            0.94,
            0.8372093023255814,
            1.0,
            1.0,
            0.925
        ],
        "recall_per_class": [
            0.9215686274509803,
            0.9230769230769231,
            0.9523809523809523,
            0.9803921568627451,
            0.925
        ],
        "f1_per_class": [
            0.9306930693069307,
            0.8780487804878049,
            0.975609756097561,
            0.9900990099009901,
            0.925
        ]
    }
}